,year,latitude,longitude,sea_temp_c,air_temp_c,humidity,wind_ew,wind_ns
0,1997.0,0.0,-110.0,27.59000015,27.14999962,79.59999847,-6.400000095,5.400000095
1,1997.0,0.0,-110.0,27.54999924,27.02000046,75.80000305,-5.300000191,5.300000191
2,1997.0,0.0,-110.0,27.56999969,27.0,76.5,-5.099999905,4.5
3,1997.0,0.0,-110.0,27.62000084,26.93000031,76.19999695,-4.900000095,2.5
4,1997.0,0.0,-110.0,27.64999962,26.84000015,76.40000153,-3.5,4.099999905
5,1997.0,0.0,-110.0,27.82999992,26.94000053,76.69999695,-4.400000095,1.600000024
6,1997.0,0.0,-110.0,28.01000023,27.04000092,76.5,-2.0,3.5
7,1997.0,0.0,-110.0,28.04000092,27.11000061,78.30000305,-3.700000048,4.5
8,1997.0,0.0,-110.0,28.02000046,27.20999908,78.59999847,-4.199999809,5.0
9,1997.0,0.0,-110.0,28.04999924,27.25,76.90000153,-3.599999905,3.5
10,1997.0,0.0,-110.0,28.06999969,27.22999954,77.59999847,-3.700000048,2.900000095
11,1997.0,0.0,-110.0,28.09000015,27.31999969,77.5,-4.800000191,1.799999952
12,1997.0,0.0,-110.0,28.20000076,27.30999947,80.09999847,-3.5,1.899999976
13,1997.0,0.0,-110.0,28.25,26.44000053,85.19999695,-1.0,1.799999952
14,1997.0,0.0,-110.0,28.42000008,26.78000069,79.80000305,-1.5,0.899999976
15,1997.0,0.0,-110.0,28.57999992,27.42000008,76.30000305,-2.599999905,0.699999988
16,1997.0,0.0,-110.0,28.52000046,27.5,81.80000305,-4.400000095,2.900000095
17,1997.0,0.0,-110.0,28.35000038,27.09000015,84.59999847,-5.800000191,3.299999952
18,1997.0,0.0,-110.0,28.28000069,27.29000092,81.30000305,-7.300000191,3.799999952
19,1997.0,0.0,-110.0,28.18000031,27.09000015,84.69999695,-6.300000191,4.699999809
20,1997.0,0.0,-110.0,28.05999947,27.05999947,83.90000153,-4.800000191,6.800000191
21,1997.0,0.0,-110.0,28.04000092,27.28000069,79.19999695,-3.200000048,6.699999809
22,1997.0,0.0,-110.0,28.09000015,27.29999924,77.5,-2.200000048,3.5
23,1997.0,0.0,-110.0,28.12000084,27.51000023,80.40000153,-4.900000095,1.899999976
24,1997.0,0.0,-110.0,28.12999916,27.54000092,82.5,-5.699999809,1.5
25,1997.0,0.0,-110.0,28.11000061,27.62000084,81.5,-5.300000191,2.900000095
26,1997.0,0.0,-110.0,28.14999962,27.51000023,81.0,-4.400000095,4.0
27,1997.0,0.0,-110.0,28.19000053,27.60000038,80.69999695,-5.099999905,4.199999809
28,1997.0,0.0,-110.0,28.17000008,27.63999939,81.0,-6.599999905,2.400000095
29,1997.0,0.0,-110.0,28.20999908,27.55999947,77.0,-4.599999905,4.199999809
30,1997.0,0.0,-110.0,28.20999908,27.52000046,76.5,-2.900000095,4.300000191
31,1997.0,0.0,-110.0,28.25,26.80999947,84.69999695,-3.0,2.599999905
32,1997.0,0.0,-110.0,28.26000023,27.04000092,86.69999695,-5.0,1.799999952
33,1997.0,0.0,-110.0,28.22999954,27.18000031,87.19999695,-6.300000191,2.400000095
34,1997.0,0.0,-110.0,28.31999969,27.84000015,82.59999847,-6.5,4.300000191
35,1997.0,0.0,-110.0,28.02000046,25.76000023,91.09999847,-1.399999976,2.900000095
36,1997.0,0.0,-110.0,28.03000069,26.37999916,86.59999847,0.0,2.299999952
37,1997.0,0.0,-110.0,28.14999962,27.0,87.0,-1.299999952,2.799999952
38,1997.0,0.0,-110.0,28.52000046,26.87999916,89.30000305,-4.099999905,3.599999905
39,1997.0,0.0,-110.0,28.47999954,26.29000092,88.90000153,-1.799999952,-1.299999952
40,1997.0,0.0,-110.0,28.55999947,27.17000008,83.80000305,-3.599999905,3.0
41,1997.0,0.0,-110.0,28.59000015,27.5,84.59999847,-3.900000095,4.099999905
42,1997.0,0.0,-110.0,28.45999908,26.21999931,89.30000305,1.200000048,3.599999905
43,1997.0,0.0,-110.0,28.42000008,27.78000069,78.90000153,-4.0,4.699999809
44,1997.0,0.0,-110.0,28.54999924,27.64999962,78.5,-3.599999905,3.200000048
45,1997.0,0.0,-110.0,28.52000046,26.57999992,85.59999847,-2.0,3.799999952
46,1997.0,0.0,-110.0,28.51000023,27.21999931,82.09999847,-2.400000095,3.5
47,1997.0,0.0,-110.0,28.71999931,27.20000076,81.0,-0.899999976,0.100000001
48,1997.0,0.0,-110.0,28.97999954,27.68000031,82.80000305,-3.799999952,2.200000048
49,1997.0,0.0,-110.0,28.56999969,26.59000015,89.40000153,-4.599999905,2.900000095
50,1997.0,0.0,-110.0,28.5,27.27000046,87.19999695,-5.599999905,1.200000048
51,1997.0,0.0,-110.0,28.53000069,26.52000046,90.30000305,-3.599999905,-1.100000024
52,1997.0,0.0,-110.0,28.72999954,27.63999939,87.0,-2.099999905,2.299999952
53,1997.0,0.0,-110.0,29.02000046,27.78000069,83.40000153,-4.099999905,-0.100000001
54,1997.0,0.0,-110.0,28.94000053,27.23999977,86.5,-4.800000191,0.899999976
55,1997.0,0.0,-110.0,28.86000061,27.39999962,86.90000153,-6.300000191,0.699999988
56,1997.0,0.0,-110.0,28.78000069,26.77000046,89.80000305,-5.0,0.100000001
57,1997.0,0.0,-110.0,28.82999992,27.14999962,86.30000305,-1.399999976,0.5
58,1997.0,0.0,-110.0,29.07999992,27.30999947,86.80000305,0.200000003,1.600000024
59,1997.0,0.0,-110.0,28.90999985,27.48999977,86.09999847,-5.599999905,1.5
60,1997.0,0.0,-110.0,28.73999977,27.30999947,88.90000153,-6.400000095,-0.899999976
61,1997.0,0.0,-110.0,28.64999962,27.73999977,89.30000305,-7.199999809,-4.0
62,1997.0,0.0,-110.0,28.56999969,27.60000038,90.40000153,-7.900000095,-2.299999952
63,1997.0,0.0,-110.0,28.51000023,28.37000084,88.0,-5.400000095,-6.199999809
64,1997.0,0.0,-110.0,28.59000015,28.28000069,88.09999847,0.100000001,-4.400000095
65,1997.0,0.0,-110.0,28.47999954,26.42000008,90.19999695,0.800000012,2.200000048
66,1997.0,0.0,-110.0,28.62999916,27.62999916,81.90000153,0.100000001,2.400000095
67,1997.0,0.0,-110.0,29.0,28.10000038,82.30000305,-0.400000006,0.899999976
68,1997.0,0.0,-110.0,29.09000015,27.28000069,87.09999847,-2.400000095,-1.0
69,1997.0,0.0,-110.0,28.78000069,27.42000008,88.19999695,-1.899999976,-1.399999976
70,1997.0,0.0,-110.0,28.76000023,27.32999992,89.59999847,-3.099999905,-0.400000006
71,1997.0,0.0,-110.0,28.78000069,26.90999985,88.5,-2.900000095,1.600000024
72,1997.0,0.0,-110.0,29.03000069,28.07999992,86.80000305,-3.900000095,-1.700000048
73,1997.0,0.0,-110.0,28.78000069,26.97999954,91.30000305,-3.900000095,-3.700000048
74,1997.0,0.0,-110.0,28.76000023,27.63999939,85.80000305,-2.400000095,-2.400000095
75,1997.0,0.0,-110.0,28.72999954,27.12999916,89.59999847,-1.899999976,-0.800000012
76,1997.0,0.0,-110.0,28.65999985,26.82999992,92.09999847,-1.5,3.900000095
77,1997.0,0.0,-110.0,28.70000076,27.05999947,89.90000153,1.799999952,0.800000012
78,1997.0,0.0,-110.0,28.82999992,27.68000031,86.0,0.800000012,-0.699999988
79,1997.0,0.0,-110.0,28.88999939,27.87000084,86.69999695,-3.599999905,-0.800000012
80,1997.0,0.0,-110.0,28.81999969,27.84000015,86.69999695,-3.700000048,-0.400000006
81,1997.0,0.0,-110.0,28.89999962,26.89999962,90.90000153,-2.799999952,-1.700000048
82,1997.0,0.0,-110.0,29.04000092,27.54999924,89.0,-4.099999905,-1.600000024
83,1997.0,0.0,-110.0,29.05999947,27.52000046,88.0,-1.299999952,-0.699999988
84,1997.0,0.0,-110.0,29.0,27.28000069,90.09999847,-3.099999905,0.5
85,1997.0,0.0,-110.0,29.04000092,27.80999947,87.59999847,-2.799999952,-1.5
86,1997.0,0.0,-110.0,29.21999931,28.39999962,85.30000305,-2.900000095,-1.700000048
87,1997.0,0.0,-110.0,29.32999992,27.67000008,89.69999695,-0.899999976,2.099999905
88,1997.0,0.0,-110.0,29.29000092,27.95000076,88.19999695,-0.300000012,0.300000012
89,1997.0,0.0,-110.0,29.40999985,27.78000069,89.90000153,-2.5,-1.5
90,1997.0,0.0,-110.0,29.32999992,28.29999924,89.09999847,-3.099999905,-1.200000048
91,1997.0,0.0,-110.0,29.54999924,28.32999992,87.59999847,-3.299999952,-1.299999952
92,1997.0,0.0,-95.0,26.79000092,26.38999939,79.40000153,-4.5,4.900000095
93,1997.0,0.0,-95.0,26.68000031,26.19000053,77.69999695,-3.599999905,6.0
94,1997.0,0.0,-95.0,26.62000084,26.14999962,78.40000153,-2.599999905,6.099999905
95,1997.0,0.0,-95.0,26.59000015,26.38999939,80.5,-2.400000095,5.0
96,1997.0,0.0,-95.0,26.63999939,26.27000046,81.90000153,-2.900000095,6.900000095
97,1997.0,0.0,-95.0,26.69000053,26.35000038,78.40000153,-2.299999952,6.400000095
98,1997.0,0.0,-95.0,26.85000038,26.14999962,75.90000153,-1.200000048,4.5
99,1997.0,0.0,-95.0,26.90999985,25.82999992,78.40000153,0.899999976,4.0
100,1997.0,0.0,-95.0,27.03000069,26.27000046,73.80000305,0.200000003,5.099999905
101,1997.0,0.0,-95.0,27.23999977,26.30999947,73.5,-1.100000024,3.900000095
102,1997.0,0.0,-95.0,27.45999908,26.59000015,75.59999847,-0.600000024,3.400000095
103,1997.0,0.0,-95.0,27.48999977,26.87000084,78.69999695,-1.899999976,5.400000095
104,1997.0,0.0,-95.0,27.39999962,26.62999916,81.59999847,-2.799999952,5.300000191
105,1997.0,0.0,-95.0,27.62000084,26.67000008,79.40000153,-3.0,5.300000191
106,1997.0,0.0,-95.0,27.72999954,26.79000092,78.0,-3.599999905,6.0
107,1997.0,0.0,-95.0,27.69000053,,79.80000305,-0.600000024,4.199999809
108,1997.0,0.0,-95.0,27.62999916,,74.5,-3.900000095,5.800000191
109,1997.0,0.0,-95.0,27.51000023,,76.30000305,-2.799999952,5.300000191
110,1997.0,0.0,-95.0,27.54000092,,81.59999847,-2.299999952,5.599999905
111,1997.0,0.0,-95.0,27.46999931,,81.90000153,-4.599999905,6.099999905
112,1997.0,0.0,-95.0,27.44000053,,74.19999695,-4.400000095,6.5
113,1997.0,0.0,-95.0,27.45000076,,72.09999847,-2.599999905,6.099999905
114,1997.0,0.0,-95.0,27.52000046,,72.40000153,-0.100000001,4.900000095
115,1997.0,0.0,-95.0,27.48999977,,81.59999847,1.299999952,2.700000048
116,1997.0,0.0,-95.0,27.60000038,,74.5,-1.0,5.5
117,1997.0,0.0,-95.0,27.59000015,,73.80000305,-0.699999988,6.199999809
118,1997.0,0.0,-95.0,27.55999947,,75.59999847,-1.600000024,6.099999905
119,1997.0,0.0,-95.0,27.53000069,,75.90000153,-2.200000048,7.199999809
120,1997.0,0.0,-95.0,27.54999924,,76.59999847,-2.700000048,6.5
121,1997.0,0.0,-95.0,27.60000038,,80.19999695,0.100000001,6.099999905
122,1997.0,0.0,-95.0,27.60000038,,81.90000153,-1.200000048,4.900000095
123,1997.0,0.0,-95.0,27.61000061,,83.0,-2.900000095,4.300000191
124,1997.0,0.0,-95.0,27.70000076,,80.90000153,-5.300000191,4.599999905
125,1997.0,0.0,-95.0,27.75,,78.40000153,-4.400000095,5.099999905
126,1997.0,0.0,-95.0,27.80999947,,83.0,-4.699999809,2.700000048
127,1997.0,0.0,-95.0,27.87000084,,84.40000153,-4.5,2.400000095
128,1997.0,0.0,-95.0,27.96999931,,84.0,-4.099999905,2.799999952
129,1997.0,0.0,-95.0,28.03000069,,83.30000305,-2.900000095,3.5
130,1997.0,0.0,-95.0,27.96999931,,83.0,-3.5,4.400000095
131,1997.0,0.0,-95.0,28.13999939,,82.30000305,-4.099999905,4.699999809
132,1997.0,0.0,-95.0,28.02000046,,85.09999847,-1.5,1.399999976
133,1997.0,0.0,-95.0,27.93000031,,79.40000153,-3.400000095,4.199999809
134,1997.0,0.0,-95.0,28.0,,79.80000305,-3.0,4.099999905
135,1997.0,0.0,-95.0,28.01000023,,84.40000153,-2.099999905,4.400000095
136,1997.0,0.0,-95.0,27.90999985,,87.5,0.200000003,1.299999952
137,1997.0,0.0,-95.0,27.88999939,,83.30000305,-0.100000001,2.200000048
138,1997.0,0.0,-95.0,28.14999962,,82.30000305,-2.0,2.799999952
139,1997.0,0.0,-95.0,28.46999931,,81.59999847,-2.299999952,1.299999952
140,1997.0,0.0,-95.0,28.61000061,,79.09999847,-4.0,0.899999976
141,1997.0,0.0,-95.0,28.73999977,,78.69999695,-4.599999905,-0.800000012
142,1997.0,0.0,-95.0,28.73999977,,80.5,-4.699999809,1.200000048
143,1997.0,0.0,-95.0,28.82999992,,80.5,-4.0,1.100000024
144,1997.0,0.0,-95.0,28.79000092,,85.09999847,-4.900000095,0.100000001
145,1997.0,0.0,-95.0,28.32999992,,88.90000153,-1.600000024,1.0
146,1997.0,0.0,-95.0,28.20999908,,84.69999695,2.099999905,-0.600000024
147,1997.0,0.0,-95.0,28.40999985,,79.40000153,-2.299999952,1.5
148,1997.0,0.0,-95.0,28.73999977,,73.80000305,-1.5,0.200000003
149,1997.0,0.0,-95.0,28.93000031,,82.30000305,0.600000024,2.599999905
150,1997.0,0.0,-95.0,28.54999924,,84.40000153,1.600000024,-1.0
151,1997.0,0.0,-95.0,28.75,,84.0,0.200000003,2.700000048
152,1997.0,0.0,-95.0,28.75,,81.90000153,-3.400000095,2.099999905
153,1997.0,0.0,-95.0,28.95000076,,80.5,-5.199999809,-3.400000095
154,1997.0,0.0,-95.0,28.82999992,,79.09999847,-5.300000191,-4.400000095
155,1997.0,0.0,-95.0,28.71999931,,80.19999695,-5.199999809,-3.400000095
156,1997.0,0.0,-95.0,28.54000092,,82.59999847,-2.700000048,-1.600000024
157,1997.0,0.0,-95.0,28.25,,84.69999695,1.899999976,1.799999952
158,1997.0,0.0,-95.0,28.36000061,,86.09999847,4.300000191,1.100000024
159,1997.0,0.0,-95.0,28.20999908,,85.80000305,2.700000048,1.600000024
160,1997.0,0.0,-95.0,28.13999939,,86.5,-1.899999976,-2.200000048
161,1997.0,0.0,-95.0,28.61000061,,80.5,-2.900000095,-1.799999952
162,1997.0,0.0,-95.0,28.92000008,,80.90000153,-3.0,-0.600000024
163,1997.0,0.0,-95.0,28.90999985,,80.5,-2.200000048,-2.900000095
164,1997.0,0.0,-95.0,29.22999954,,78.40000153,0.100000001,-2.5
165,1997.0,0.0,-95.0,29.35000038,,79.09999847,-2.700000048,-1.799999952
166,1997.0,0.0,-95.0,29.38999939,,77.30000305,-3.200000048,-4.400000095
167,1997.0,0.0,-95.0,29.23999977,,80.5,-2.900000095,-3.400000095
168,1997.0,0.0,-95.0,29.13999939,,79.40000153,-1.5,0.0
169,1997.0,0.0,-95.0,29.13999939,,82.30000305,-1.299999952,-4.099999905
170,1997.0,0.0,-95.0,29.0,,75.59999847,-0.699999988,-2.799999952
171,1997.0,0.0,-95.0,29.37999916,,77.0,-2.299999952,-1.299999952
172,1997.0,0.0,-95.0,29.56999969,,79.09999847,-2.0,1.700000048
173,1997.0,0.0,-95.0,29.64999962,,77.0,-2.0,0.800000012
174,1997.0,0.0,-95.0,29.88999939,,74.5,-3.0,-0.200000003
175,1997.0,0.0,-95.0,30.17000008,,77.69999695,-1.399999976,0.699999988
176,1997.0,0.0,-95.0,29.95000076,,78.0,0.899999976,-4.0
177,1997.0,0.0,-95.0,29.62999916,,76.30000305,-0.400000006,-3.900000095
178,1997.0,0.0,-95.0,29.55999947,,79.09999847,-2.299999952,0.400000006
179,1997.0,0.0,-95.0,29.44000053,,83.0,-0.200000003,2.0
180,1997.0,0.0,-95.0,29.47999954,,84.0,1.899999976,-1.200000048
181,1997.0,0.0,-95.0,29.43000031,,81.19999695,-0.400000006,0.5
182,1997.0,0.0,-95.0,29.37999916,,79.80000305,-3.900000095,2.599999905
183,1997.0,0.0,-95.0,29.20999908,,79.40000153,-4.099999905,-1.100000024
184,1997.0,-5.0,-95.0,26.60000038,25.46999931,82.30000305,-6.800000191,5.099999905
185,1997.0,-5.0,-95.0,26.64999962,25.62999916,79.90000153,-5.800000191,5.199999809
186,1997.0,-5.0,-95.0,26.67000008,25.20000076,85.69999695,-5.199999809,5.300000191
187,1997.0,-5.0,-95.0,26.59000015,25.46999931,85.19999695,-5.400000095,4.099999905
188,1997.0,-5.0,-95.0,26.47999954,25.81999969,81.90000153,-5.099999905,5.0
189,1997.0,-5.0,-95.0,26.54999924,25.78000069,79.0,-3.400000095,4.400000095
190,1997.0,-5.0,-95.0,26.63999939,25.73999977,77.40000153,-3.200000048,4.199999809
191,1997.0,-5.0,-95.0,26.82999992,25.73999977,76.09999847,-1.100000024,3.700000048
192,1997.0,-5.0,-95.0,26.82999992,25.86000061,78.19999695,-3.099999905,3.599999905
193,1997.0,-5.0,-95.0,26.78000069,25.86000061,81.5,-4.900000095,3.599999905
194,1997.0,-5.0,-95.0,26.81999969,26.01000023,81.09999847,-4.800000191,4.0
195,1997.0,-5.0,-95.0,26.81999969,25.96999931,82.80000305,-5.5,4.699999809
196,1997.0,-5.0,-95.0,26.79999924,26.12999916,84.0,-5.5,6.099999905
197,1997.0,-5.0,-95.0,26.78000069,25.78000069,84.0,-6.5,3.700000048
198,1997.0,-5.0,-95.0,26.77000046,26.09000015,80.69999695,-6.300000191,4.599999905
199,1997.0,-5.0,-95.0,26.80999947,25.96999931,79.0,-4.599999905,4.0
200,1997.0,-5.0,-95.0,26.88999939,26.04999924,79.40000153,-6.0,3.200000048
201,1997.0,-5.0,-95.0,26.90999985,26.12999916,79.90000153,-5.800000191,4.0
202,1997.0,-5.0,-95.0,26.89999962,26.31999969,82.80000305,-5.5,5.900000095
203,1997.0,-5.0,-95.0,26.88999939,26.04999924,81.09999847,-6.5,4.900000095
204,1997.0,-5.0,-95.0,26.89999962,25.81999969,80.69999695,-5.400000095,4.099999905
205,1997.0,-5.0,-95.0,26.93000031,26.20000076,78.19999695,-5.300000191,2.700000048
206,1997.0,-5.0,-95.0,27.04999924,26.44000053,79.0,-3.0,4.400000095
207,1997.0,-5.0,-95.0,27.11000061,26.36000061,81.09999847,-3.599999905,4.0
208,1997.0,-5.0,-95.0,27.11000061,26.12999916,79.90000153,-4.099999905,3.900000095
209,1997.0,-5.0,-95.0,27.12000084,26.28000069,79.40000153,-4.0,4.5
210,1997.0,-5.0,-95.0,27.11000061,26.44000053,77.80000305,-5.199999809,4.099999905
211,1997.0,-5.0,-95.0,27.13999939,26.46999931,72.80000305,-5.099999905,3.700000048
212,1997.0,-5.0,-95.0,27.15999985,26.46999931,77.0,-5.699999809,3.5
213,1997.0,-5.0,-95.0,27.19000053,26.51000023,79.0,-5.199999809,4.099999905
214,1997.0,-5.0,-95.0,27.22999954,26.67000008,83.19999695,-5.099999905,4.699999809
215,1997.0,-5.0,-95.0,27.28000069,26.67000008,84.0,-6.099999905,4.599999905
216,1997.0,-5.0,-95.0,27.32999992,26.67000008,81.90000153,-6.0,4.199999809
217,1997.0,-5.0,-95.0,27.39999962,26.67000008,80.69999695,-6.0,2.799999952
218,1997.0,-5.0,-95.0,27.53000069,26.97999954,78.59999847,-5.099999905,3.700000048
219,1997.0,-5.0,-95.0,27.56999969,26.97999954,82.30000305,-5.300000191,4.699999809
220,1997.0,-5.0,-95.0,27.59000015,26.86000061,82.80000305,-4.199999809,5.5
221,1997.0,-5.0,-95.0,27.61000061,27.04999924,84.0,-4.099999905,5.099999905
222,1997.0,-5.0,-95.0,27.56999969,27.04999924,85.69999695,-4.900000095,4.800000191
223,1997.0,-5.0,-95.0,27.55999947,27.12999916,86.90000153,-5.5,3.700000048
224,1997.0,-5.0,-95.0,27.55999947,27.09000015,83.59999847,-5.0,5.199999809
225,1997.0,-5.0,-95.0,27.60000038,26.86000061,84.0,-5.199999809,4.099999905
226,1997.0,-5.0,-95.0,27.61000061,26.86000061,85.19999695,-4.699999809,3.799999952
227,1997.0,-5.0,-95.0,27.55999947,27.01000023,83.19999695,-5.5,5.099999905
228,1997.0,-5.0,-95.0,27.56999969,26.97999954,82.30000305,-4.900000095,6.0
229,1997.0,-5.0,-95.0,27.60000038,26.94000053,78.59999847,-5.0,5.199999809
230,1997.0,-5.0,-95.0,27.62000084,26.86000061,85.19999695,-4.400000095,5.5
231,1997.0,-5.0,-95.0,27.61000061,26.97999954,84.80000305,-3.5,5.800000191
232,1997.0,-5.0,-95.0,27.59000015,26.70999908,86.5,-4.900000095,5.0
233,1997.0,-5.0,-95.0,27.65999985,26.73999977,90.59999847,-4.699999809,2.599999905
234,1997.0,-5.0,-95.0,27.68000031,27.17000008,88.09999847,-6.599999905,3.099999905
235,1997.0,-5.0,-95.0,27.63999939,26.94000053,87.69999695,-7.900000095,4.5
236,1997.0,-5.0,-95.0,27.60000038,27.20999908,81.5,-6.900000095,3.700000048
237,1997.0,-5.0,-95.0,27.62999916,27.12999916,79.40000153,-4.699999809,4.800000191
238,1997.0,-5.0,-95.0,27.65999985,27.04999924,81.90000153,-4.300000191,3.700000048
239,1997.0,-5.0,-95.0,27.64999962,27.12999916,86.90000153,-5.5,3.900000095
240,1997.0,-5.0,-95.0,27.59000015,27.28000069,86.90000153,-5.900000095,4.800000191
241,1997.0,-5.0,-95.0,27.60000038,27.09000015,84.80000305,-5.199999809,5.300000191
242,1997.0,-5.0,-95.0,27.60000038,27.04999924,77.0,-4.300000191,5.099999905
243,1997.0,-5.0,-95.0,27.54999924,27.04999924,79.0,-5.300000191,3.5
244,1997.0,-5.0,-95.0,27.54999924,26.86000061,87.30000305,-6.099999905,3.799999952
245,1997.0,-5.0,-95.0,27.65999985,26.89999962,91.90000153,-6.300000191,2.400000095
246,1997.0,-5.0,-95.0,27.70999908,27.39999962,91.0,-6.099999905,3.599999905
247,1997.0,-5.0,-95.0,27.79999924,27.39999962,88.09999847,-7.099999905,3.700000048
248,1997.0,-5.0,-95.0,27.90999985,27.36000061,82.80000305,-5.199999809,4.5
249,1997.0,-5.0,-95.0,28.11000061,27.31999969,81.90000153,-2.599999905,4.300000191
250,1997.0,-5.0,-95.0,28.20999908,27.67000008,83.59999847,-2.599999905,4.300000191
251,1997.0,-5.0,-95.0,28.28000069,27.62999916,83.59999847,-3.700000048,3.700000048
252,1997.0,-5.0,-95.0,28.31999969,27.47999954,86.90000153,-4.900000095,2.799999952
253,1997.0,-5.0,-95.0,28.35000038,27.47999954,88.59999847,-5.699999809,3.5
254,1997.0,-5.0,-95.0,28.38999939,27.62999916,90.19999695,-6.699999809,3.5
255,1997.0,-5.0,-95.0,28.36000061,27.12999916,90.59999847,-4.5,4.599999905
256,1997.0,-5.0,-95.0,28.22999954,26.73999977,91.0,-3.099999905,5.0
257,1997.0,-5.0,-95.0,28.26000023,27.62999916,83.19999695,-5.199999809,4.099999905
258,1997.0,-5.0,-95.0,28.30999947,27.36000061,85.69999695,-3.700000048,2.599999905
259,1997.0,-5.0,-95.0,28.43000031,27.75,88.09999847,-4.0,2.900000095
260,1997.0,-5.0,-95.0,28.60000038,27.67000008,89.0,-0.800000012,3.099999905
261,1997.0,-5.0,-95.0,28.62999916,27.09000015,92.69999695,-3.299999952,1.399999976
262,1997.0,-5.0,-95.0,28.04999924,25.65999985,94.80000305,-1.0,0.800000012
263,1997.0,-5.0,-95.0,28.32999992,27.20999908,88.09999847,-4.599999905,4.0
264,1997.0,-5.0,-95.0,28.46999931,27.47999954,83.59999847,-4.199999809,5.699999809
265,1997.0,-5.0,-95.0,28.35000038,26.89999962,89.40000153,-4.400000095,5.199999809
266,1997.0,-5.0,-95.0,28.23999977,27.28000069,90.59999847,-3.5,6.0
267,1997.0,-5.0,-95.0,28.15999985,27.28000069,91.90000153,-4.5,6.199999809
268,1997.0,-5.0,-95.0,27.95000076,26.54999924,94.80000305,-1.700000048,5.0
269,1997.0,-5.0,-95.0,28.11000061,26.70999908,90.59999847,-0.5,3.400000095
270,1997.0,-5.0,-95.0,28.26000023,27.79000092,88.09999847,-2.599999905,5.300000191
271,1997.0,-5.0,-95.0,28.31999969,27.55999947,92.69999695,-3.599999905,3.0
272,1997.0,-5.0,-95.0,28.39999962,27.59000015,92.69999695,-3.5,1.399999976
273,1997.0,-5.0,-95.0,28.61000061,27.79000092,89.0,-3.799999952,1.799999952
274,1997.0,-5.0,-95.0,28.57999992,28.17000008,87.30000305,-4.300000191,5.699999809
275,1997.0,-5.0,-95.0,28.94000053,28.10000038,90.19999695,-4.5,4.599999905
276,1997.0,-2.0,-110.0,27.54999924,27.19000053,75.5,-6.800000191,4.599999905
277,1997.0,-2.0,-110.0,27.53000069,26.87000084,75.09999847,-5.199999809,4.900000095
278,1997.0,-2.0,-110.0,27.51000023,26.98999977,73.59999847,-5.699999809,4.199999809
279,1997.0,-2.0,-110.0,27.56999969,26.98999977,73.59999847,-4.699999809,1.799999952
280,1997.0,-2.0,-110.0,27.63999939,26.95000076,75.09999847,-3.599999905,3.700000048
281,1997.0,-2.0,-110.0,27.65999985,26.98999977,74.0,-4.400000095,2.400000095
282,1997.0,-2.0,-110.0,27.78000069,26.98999977,74.40000153,-1.799999952,3.299999952
283,1997.0,-2.0,-110.0,27.75,27.11000061,75.90000153,-3.700000048,4.300000191
284,1997.0,-2.0,-110.0,27.70999908,26.87000084,75.5,-4.300000191,4.400000095
285,1997.0,-2.0,-110.0,27.81999969,27.14999962,74.69999695,-3.5,3.099999905
286,1997.0,-2.0,-110.0,28.0,27.22999954,76.69999695,-4.5,3.0
287,1997.0,-2.0,-110.0,28.06999969,27.27000046,79.0,-4.800000191,2.599999905
288,1997.0,-2.0,-110.0,28.06999969,26.90999985,82.90000153,-3.799999952,3.5
289,1997.0,-2.0,-110.0,27.95999908,25.88999939,86.40000153,-2.599999905,3.400000095
290,1997.0,-2.0,-110.0,28.01000023,26.82999992,82.5,-4.199999809,1.5
291,1997.0,-2.0,-110.0,28.23999977,27.14999962,82.90000153,-4.400000095,2.799999952
292,1997.0,-2.0,-110.0,28.26000023,26.76000023,83.69999695,-5.900000095,4.400000095
293,1997.0,-2.0,-110.0,28.18000031,27.27000046,77.80000305,-6.099999905,5.5
294,1997.0,-2.0,-110.0,28.12000084,27.30999947,77.09999847,-7.400000095,4.599999905
295,1997.0,-2.0,-110.0,28.04999924,27.35000038,77.09999847,-6.5,6.5
296,1997.0,-2.0,-110.0,27.98999977,27.11000061,78.59999847,-5.199999809,7.300000191
297,1997.0,-2.0,-110.0,27.93000031,26.98999977,74.40000153,-3.200000048,5.900000095
298,1997.0,-2.0,-110.0,28.0,27.30999947,74.69999695,-2.299999952,2.900000095
299,1997.0,-2.0,-110.0,28.03000069,27.70000076,78.19999695,-5.099999905,2.900000095
300,1997.0,-2.0,-110.0,28.04999924,27.86000061,80.19999695,-5.800000191,1.5
301,1997.0,-2.0,-110.0,28.06999969,27.51000023,79.40000153,-5.400000095,4.599999905
302,1997.0,-2.0,-110.0,28.07999992,27.62999916,77.80000305,-4.5,4.400000095
303,1997.0,-2.0,-110.0,28.07999992,27.59000015,77.09999847,-5.300000191,4.300000191
304,1997.0,-2.0,-110.0,28.06999969,27.54999924,77.5,-6.900000095,4.400000095
305,1997.0,-2.0,-110.0,28.09000015,27.73999977,71.59999847,-5.400000095,3.900000095
306,1997.0,-2.0,-110.0,28.12999916,27.35000038,74.69999695,-3.599999905,4.699999809
307,1997.0,-2.0,-110.0,28.10000038,27.46999931,81.30000305,-4.800000191,5.099999905
308,1997.0,-2.0,-110.0,28.06999969,27.43000031,83.69999695,-5.900000095,4.400000095
309,1997.0,-2.0,-110.0,28.10000038,27.81999969,82.90000153,-6.800000191,4.599999905
310,1997.0,-2.0,-110.0,28.10000038,27.73999977,78.59999847,-6.0,5.0
311,1997.0,-2.0,-110.0,28.07999992,27.06999969,83.69999695,-1.700000048,6.099999905
312,1997.0,-2.0,-110.0,28.04999924,26.12000084,85.59999847,0.699999988,3.0
313,1997.0,-2.0,-110.0,28.12000084,26.68000031,86.80000305,-4.0,5.0
314,1997.0,-2.0,-110.0,28.17000008,27.70000076,81.69999695,-4.800000191,5.099999905
315,1997.0,-2.0,-110.0,28.28000069,27.30999947,81.69999695,-5.199999809,3.700000048
316,1997.0,-2.0,-110.0,28.26000023,27.03000069,82.90000153,-4.199999809,4.599999905
317,1997.0,-2.0,-110.0,28.36000061,27.81999969,79.40000153,-3.200000048,5.900000095
318,1997.0,-2.0,-110.0,28.37000084,27.81999969,76.30000305,-2.400000095,5.800000191
319,1997.0,-2.0,-110.0,28.34000015,27.67000008,75.90000153,-4.699999809,4.5
320,1997.0,-2.0,-110.0,28.37000084,27.78000069,78.59999847,-3.799999952,3.700000048
321,1997.0,-2.0,-110.0,28.29999924,26.36000061,85.19999695,-1.5,3.900000095
322,1997.0,-2.0,-110.0,28.29000092,27.51000023,82.09999847,-3.299999952,4.099999905
323,1997.0,-2.0,-110.0,28.35000038,27.27000046,84.40000153,-3.599999905,4.900000095
324,1997.0,-2.0,-110.0,28.30999947,27.81999969,80.19999695,-4.5,6.599999905
325,1997.0,-2.0,-110.0,28.29999924,27.62999916,82.09999847,-4.900000095,5.300000191
326,1997.0,-2.0,-110.0,28.27000046,27.51000023,84.0,-5.599999905,4.599999905
327,1997.0,-2.0,-110.0,28.25,27.27000046,87.5,-5.599999905,3.599999905
328,1997.0,-2.0,-110.0,28.23999977,27.14999962,87.5,-4.5,1.100000024
329,1997.0,-2.0,-110.0,28.29999924,26.79000092,87.5,-5.900000095,2.0
330,1997.0,-2.0,-110.0,28.34000015,27.59000015,83.69999695,-4.599999905,2.400000095
331,1997.0,-2.0,-110.0,28.37999916,28.13999939,80.90000153,-6.599999905,2.700000048
332,1997.0,-2.0,-110.0,28.43000031,27.97999954,81.30000305,-6.0,5.0
333,1997.0,-2.0,-110.0,28.40999985,26.82999992,87.09999847,-4.900000095,3.299999952
334,1997.0,-2.0,-110.0,28.51000023,27.22999954,84.40000153,-3.0,2.599999905
335,1997.0,-2.0,-110.0,28.55999947,27.89999962,82.5,-6.5,4.099999905
336,1997.0,-2.0,-110.0,28.45000076,27.78000069,81.69999695,-7.599999905,2.599999905
337,1997.0,-2.0,-110.0,28.43000031,27.73999977,86.80000305,-7.5,0.800000012
338,1997.0,-2.0,-110.0,28.46999931,27.94000053,86.80000305,-8.100000381,1.899999976
339,1997.0,-2.0,-110.0,28.52000046,27.89999962,86.80000305,-7.599999905,-1.5
340,1997.0,-2.0,-110.0,28.45000076,26.52000046,89.5,-2.599999905,0.600000024
341,1997.0,-2.0,-110.0,28.47999954,27.03000069,84.40000153,-1.299999952,1.200000048
342,1997.0,-2.0,-110.0,28.44000053,27.81999969,80.19999695,-1.100000024,2.799999952
343,1997.0,-2.0,-110.0,28.61000061,27.78000069,83.69999695,-3.299999952,2.200000048
344,1997.0,-2.0,-110.0,28.67000008,28.05999947,80.90000153,-4.800000191,4.699999809
345,1997.0,-2.0,-110.0,28.79000092,27.54999924,85.19999695,-4.300000191,0.899999976
346,1997.0,-2.0,-110.0,28.80999947,27.67000008,83.30000305,-3.200000048,1.600000024
347,1997.0,-2.0,-110.0,28.56999969,26.76000023,83.69999695,-3.5,-0.100000001
348,1997.0,-2.0,-110.0,28.80999947,27.70000076,84.40000153,-3.700000048,0.800000012
349,1997.0,-2.0,-110.0,28.77000046,27.81999969,83.69999695,-4.699999809,2.200000048
350,1997.0,-2.0,-110.0,28.87000084,26.36000061,89.90000153,-2.0,1.399999976
351,1997.0,-2.0,-110.0,28.88999939,27.06999969,86.80000305,-3.0,4.800000191
352,1997.0,-2.0,-110.0,28.93000031,27.70000076,82.5,-2.099999905,6.099999905
353,1997.0,-2.0,-110.0,28.95000076,27.27000046,86.40000153,-1.799999952,1.600000024
354,1997.0,-2.0,-110.0,29.12000084,27.43000031,85.59999847,0.400000006,-0.899999976
355,1997.0,-2.0,-110.0,29.10000038,27.51000023,81.30000305,-2.599999905,-0.899999976
356,1997.0,-2.0,-110.0,29.12999916,27.78000069,81.30000305,-3.5,2.299999952
357,1997.0,-2.0,-110.0,29.28000069,28.5,79.80000305,-4.900000095,0.800000012
358,1997.0,-2.0,-110.0,29.01000023,27.59000015,86.80000305,-6.800000191,3.700000048
359,1997.0,-2.0,-110.0,28.77000046,26.79000092,89.09999847,-4.300000191,0.699999988
360,1997.0,-2.0,-110.0,28.70999908,27.11000061,84.80000305,-3.099999905,0.899999976
361,1997.0,-2.0,-110.0,29.03000069,27.78000069,83.69999695,-3.799999952,0.400000006
362,1997.0,-2.0,-110.0,28.98999977,27.43000031,86.40000153,-1.299999952,3.0
363,1997.0,-2.0,-110.0,28.92000008,27.46999931,86.0,-1.399999976,3.400000095
364,1997.0,-2.0,-110.0,28.90999985,27.19000053,89.5,-4.0,3.799999952
365,1997.0,-2.0,-110.0,28.87999916,27.06999969,89.5,-3.5,1.0
366,1997.0,-2.0,-110.0,29.07999992,28.18000031,85.59999847,-3.200000048,0.5
367,1997.0,-2.0,-110.0,29.31999969,27.89999962,87.09999847,-5.0,2.5
368,1993.0,0.0,-110.0,23.59000015,23.10000038,81.19999695,-2.200000048,3.400000095
369,1993.0,0.0,-110.0,23.56999969,23.14999962,81.69999695,-2.5,4.599999905
370,1993.0,0.0,-110.0,23.67000008,23.14999962,82.0,-5.800000191,4.0
371,1993.0,0.0,-110.0,23.43000031,23.20000076,80.80000305,-6.699999809,2.799999952
372,1993.0,0.0,-110.0,23.42000008,23.12999916,83.5,-5.699999809,3.099999905
373,1993.0,0.0,-110.0,23.43000031,22.98999977,81.59999847,-5.599999905,4.199999809
374,1993.0,0.0,-110.0,23.48999977,22.89999962,80.69999695,-5.300000191,4.099999905
375,1993.0,0.0,-110.0,23.48999977,22.82999992,81.5,-6.199999809,2.5
376,1993.0,0.0,-110.0,23.23999977,22.65999985,85.90000153,-5.300000191,3.700000048
377,1993.0,0.0,-110.0,22.75,22.37999916,88.59999847,-3.599999905,4.800000191
378,1993.0,0.0,-110.0,22.32999992,22.20999908,88.69999695,-2.200000048,4.599999905
379,1993.0,0.0,-110.0,22.28000069,22.09000015,87.5,-2.799999952,2.5
380,1993.0,0.0,-110.0,22.22999954,22.21999931,87.5,-2.400000095,3.400000095
381,1993.0,0.0,-110.0,22.23999977,22.11000061,88.30000305,-2.799999952,2.599999905
382,1993.0,0.0,-110.0,22.45999908,22.31999969,84.19999695,-5.199999809,2.400000095
383,1993.0,0.0,-110.0,22.48999977,22.18000031,85.5,-4.400000095,2.299999952
384,1993.0,0.0,-110.0,22.51000023,22.46999931,85.30000305,-4.099999905,3.599999905
385,1993.0,0.0,-110.0,22.52000046,22.23999977,85.59999847,-4.300000191,2.400000095
386,1993.0,0.0,-110.0,22.48999977,22.27000046,86.19999695,-4.199999809,2.700000048
387,1993.0,0.0,-110.0,22.37999916,22.05999947,87.19999695,-4.599999905,2.299999952
388,1993.0,0.0,-110.0,22.38999939,22.09000015,87.5,-5.0,2.299999952
389,1993.0,0.0,-110.0,22.81999969,22.37000084,86.0,-4.599999905,2.700000048
390,1993.0,0.0,-110.0,23.40999985,22.70000076,81.09999847,-5.900000095,1.799999952
391,1993.0,0.0,-110.0,23.93000031,22.72999954,79.90000153,-4.800000191,2.700000048
392,1993.0,0.0,-110.0,24.67000008,22.94000053,80.30000305,-5.099999905,4.900000095
393,1993.0,0.0,-110.0,23.96999931,22.92000008,81.59999847,-4.400000095,2.5
394,1993.0,0.0,-110.0,23.10000038,23.02000046,84.40000153,-2.799999952,4.0
395,1993.0,0.0,-110.0,23.47999954,22.72999954,86.69999695,-3.299999952,4.0
396,1993.0,0.0,-110.0,24.20000076,22.97999954,82.90000153,-7.199999809,3.700000048
397,1993.0,0.0,-110.0,23.81999969,22.70999908,82.80000305,-7.0,3.099999905
398,1993.0,0.0,-110.0,23.0,22.82999992,79.90000153,-4.400000095,2.400000095
399,1993.0,0.0,-110.0,22.90999985,22.82999992,83.40000153,-1.5,5.300000191
400,1993.0,0.0,-110.0,22.79999924,22.52000046,88.69999695,-2.299999952,3.299999952
401,1993.0,0.0,-110.0,22.81999969,22.45999908,89.09999847,-4.5,2.799999952
402,1993.0,0.0,-110.0,22.75,22.53000069,88.30000305,-4.0,1.799999952
403,1993.0,0.0,-110.0,22.70999908,22.59000015,91.90000153,-4.599999905,2.200000048
404,1993.0,0.0,-110.0,22.85000038,22.65999985,90.30000305,-3.799999952,2.299999952
405,1993.0,0.0,-110.0,22.84000015,22.72999954,89.30000305,-3.400000095,2.900000095
406,1993.0,0.0,-110.0,22.88999939,22.94000053,90.19999695,-2.799999952,3.400000095
407,1993.0,0.0,-110.0,22.76000023,22.69000053,89.40000153,-4.300000191,1.899999976
408,1993.0,0.0,-110.0,23.01000023,22.93000031,88.80000305,-3.5,2.099999905
409,1993.0,0.0,-110.0,23.20000076,22.97999954,87.5,-3.400000095,3.400000095
410,1993.0,0.0,-110.0,23.36000061,23.29999924,85.40000153,-3.400000095,4.800000191
411,1993.0,0.0,-110.0,23.31999969,23.17000008,85.90000153,-3.900000095,4.099999905
412,1993.0,0.0,-110.0,23.37000084,23.21999931,84.5,-4.300000191,3.0
413,1993.0,0.0,-110.0,23.38999939,23.05999947,82.69999695,-5.199999809,1.5
414,1993.0,0.0,-110.0,23.32999992,22.95000076,81.40000153,-4.099999905,2.799999952
415,1993.0,0.0,-110.0,23.29000092,22.98999977,86.09999847,-4.099999905,3.0
416,1993.0,0.0,-110.0,23.23999977,22.98999977,86.69999695,-4.900000095,2.400000095
417,1993.0,0.0,-110.0,23.18000031,22.87999916,87.5,-3.599999905,2.400000095
418,1993.0,0.0,-110.0,22.93000031,22.84000015,86.40000153,-2.299999952,3.299999952
419,1993.0,0.0,-110.0,23.5,23.13999939,86.80000305,-4.400000095,3.099999905
420,1993.0,0.0,-110.0,23.78000069,23.48999977,88.40000153,-4.400000095,3.799999952
421,1993.0,0.0,-110.0,24.10000038,23.68000031,85.69999695,-5.5,2.700000048
422,1993.0,0.0,-110.0,23.97999954,23.43000031,85.59999847,-3.799999952,4.099999905
423,1993.0,0.0,-110.0,23.60000038,23.03000069,86.40000153,-2.0,4.900000095
424,1993.0,0.0,-110.0,23.37000084,23.17000008,87.90000153,-3.200000048,4.099999905
425,1993.0,0.0,-110.0,23.43000031,23.12999916,88.59999847,-3.0,3.299999952
426,1993.0,0.0,-110.0,23.39999962,23.13999939,89.30000305,-2.099999905,1.899999976
427,1993.0,0.0,-110.0,23.44000053,22.96999931,90.40000153,-1.700000048,2.200000048
428,1993.0,0.0,-110.0,23.39999962,23.22999954,90.09999847,-3.400000095,3.5
429,1993.0,0.0,-110.0,23.37000084,23.20999908,89.90000153,-4.300000191,2.599999905
430,1993.0,0.0,-110.0,23.45000076,23.15999985,90.0,-4.099999905,1.100000024
431,1993.0,0.0,-110.0,23.70999908,23.13999939,87.69999695,-3.0,1.600000024
432,1993.0,0.0,-110.0,24.29000092,23.38999939,85.80000305,-3.0,2.900000095
433,1993.0,0.0,-110.0,24.07999992,23.53000069,87.80000305,-3.400000095,2.0
434,1993.0,0.0,-110.0,24.25,23.70999908,87.19999695,-3.200000048,3.099999905
435,1993.0,0.0,-110.0,24.19000053,23.81999969,87.09999847,-4.199999809,3.5
436,1993.0,0.0,-110.0,24.19000053,23.85000038,86.19999695,-4.199999809,1.299999952
437,1993.0,0.0,-110.0,24.13999939,23.79999924,85.90000153,-3.200000048,2.599999905
438,1993.0,0.0,-110.0,23.89999962,23.64999962,87.19999695,-3.5,2.799999952
439,1993.0,0.0,-110.0,23.87999916,23.57999992,88.5,-4.300000191,2.200000048
440,1993.0,0.0,-110.0,23.95999908,23.46999931,88.59999847,-3.900000095,0.699999988
441,1993.0,0.0,-110.0,24.01000023,23.77000046,89.09999847,-3.5,3.099999905
442,1993.0,0.0,-110.0,23.88999939,23.59000015,89.5,-4.300000191,2.099999905
443,1993.0,0.0,-110.0,24.0,23.64999962,87.80000305,-4.099999905,0.600000024
444,1993.0,0.0,-110.0,24.0,23.56999969,85.09999847,-3.799999952,3.0
445,1993.0,0.0,-110.0,23.96999931,23.52000046,86.59999847,-2.900000095,2.900000095
446,1993.0,0.0,-110.0,24.03000069,23.77000046,87.30000305,-3.0,2.0
447,1993.0,0.0,-110.0,23.93000031,23.46999931,87.5,-3.700000048,1.0
448,1993.0,0.0,-110.0,23.93000031,23.45000076,86.40000153,-4.199999809,1.299999952
449,1993.0,0.0,-110.0,23.94000053,23.56999969,89.09999847,-3.099999905,2.099999905
450,1993.0,0.0,-110.0,23.97999954,23.75,89.30000305,-4.400000095,2.099999905
451,1993.0,0.0,-110.0,24.15999985,23.67000008,90.40000153,-3.5,1.200000048
452,1993.0,0.0,-110.0,23.75,23.57999992,91.09999847,-5.5,2.099999905
453,1993.0,0.0,-110.0,23.42000008,23.5,91.80000305,-4.199999809,1.799999952
454,1993.0,0.0,-110.0,23.47999954,23.53000069,91.90000153,-3.599999905,1.399999976
455,1993.0,0.0,-110.0,23.69000053,23.54000092,92.19999695,-2.5,0.899999976
456,1993.0,0.0,-110.0,23.67000008,23.43000031,89.90000153,-2.700000048,1.100000024
457,1993.0,0.0,-110.0,24.31999969,23.88999939,88.59999847,-2.099999905,0.400000006
458,1993.0,0.0,-110.0,24.09000015,23.79000092,91.59999847,-2.299999952,1.5
459,1993.0,0.0,-110.0,24.14999962,,,-3.0,1.899999976
460,1993.0,0.0,-95.0,24.98999977,23.19000053,,-5.300000191,1.799999952
461,1993.0,0.0,-95.0,25.04999924,23.5,,-4.699999809,3.099999905
462,1993.0,0.0,-95.0,,,,-5.599999905,3.099999905
463,1993.0,0.0,-95.0,24.93000031,22.87000084,,-7.099999905,2.5
464,1993.0,0.0,-95.0,24.78000069,22.39999962,,-7.300000191,0.300000012
465,1993.0,0.0,-95.0,24.47999954,22.71999931,,-6.5,0.0
466,1993.0,0.0,-95.0,23.95999908,22.55999947,,-5.300000191,3.599999905
467,1993.0,0.0,-95.0,23.31999969,22.63999939,,-4.0,5.5
468,1993.0,0.0,-95.0,22.45999908,22.25,,-2.200000048,6.300000191
469,1993.0,0.0,-95.0,21.94000053,21.96999931,,-0.800000012,4.800000191
470,1993.0,0.0,-95.0,21.96999931,21.80999947,,-2.200000048,4.300000191
471,1993.0,0.0,-95.0,21.60000038,21.42000008,,-2.799999952,4.099999905
472,1993.0,0.0,-95.0,21.86000061,21.88999939,,-3.0,3.900000095
473,1993.0,0.0,-95.0,21.86000061,21.85000038,,-3.200000048,3.599999905
474,1993.0,0.0,-95.0,21.87000084,21.88999939,,-3.0,3.099999905
475,1993.0,0.0,-95.0,21.95999908,21.85000038,,-4.0,2.799999952
476,1993.0,0.0,-95.0,22.63999939,22.09000015,,-6.300000191,0.800000012
477,1993.0,0.0,-95.0,22.89999962,22.44000053,,-5.400000095,0.100000001
478,1993.0,0.0,-95.0,23.07999992,22.52000046,,-6.400000095,-0.400000006
479,1993.0,0.0,-95.0,23.23999977,22.29000092,,-6.599999905,1.399999976
480,1993.0,0.0,-95.0,,,,-6.300000191,0.5
481,1993.0,0.0,-95.0,23.52000046,22.12999916,,-5.300000191,0.699999988
482,1993.0,0.0,-95.0,23.37000084,22.29000092,,-4.800000191,1.899999976
483,1993.0,0.0,-95.0,22.95000076,22.17000008,,-5.400000095,3.200000048
484,1993.0,0.0,-95.0,22.52000046,21.88999939,,-5.0,2.299999952
485,1993.0,0.0,-95.0,22.31999969,21.72999954,,-4.400000095,2.0
486,1993.0,0.0,-95.0,22.28000069,21.65999985,,-3.700000048,1.899999976
487,1993.0,0.0,-95.0,21.79999924,21.72999954,,-1.799999952,2.700000048
488,1993.0,0.0,-95.0,21.85000038,21.88999939,,-0.5,3.599999905
489,1993.0,0.0,-95.0,21.78000069,22.01000023,,-0.300000012,3.099999905
490,1993.0,0.0,-95.0,21.89999962,22.20999908,,-1.5,4.099999905
491,1993.0,0.0,-95.0,22.96999931,22.55999947,,-6.199999809,1.899999976
492,1993.0,0.0,-95.0,23.18000031,22.71999931,,-6.699999809,3.200000048
493,1993.0,0.0,-95.0,22.71999931,22.44000053,,-5.0,3.599999905
494,1993.0,0.0,-95.0,22.51000023,22.25,,-5.099999905,3.0
495,1993.0,0.0,-95.0,22.39999962,22.25,,-3.200000048,5.599999905
496,1993.0,0.0,-95.0,22.19000053,22.31999969,,-1.5,4.900000095
497,1993.0,0.0,-95.0,22.03000069,22.25,,-3.200000048,4.900000095
498,1993.0,0.0,-95.0,21.89999962,22.09000015,,-1.5,3.299999952
499,1993.0,0.0,-95.0,21.98999977,22.17000008,,-1.5,-2.599999905
500,1993.0,0.0,-95.0,22.26000023,22.29000092,,-2.0,-3.299999952
501,1993.0,0.0,-95.0,22.35000038,22.55999947,,-3.599999905,-3.200000048
502,1993.0,0.0,-95.0,22.47999954,22.52000046,,-4.0,-0.100000001
503,1993.0,0.0,-95.0,22.54999924,22.60000038,,-2.700000048,-2.400000095
504,1993.0,0.0,-95.0,22.44000053,22.63999939,,-3.299999952,-1.700000048
505,1993.0,0.0,-95.0,22.36000061,22.44000053,,1.600000024,3.799999952
506,1993.0,0.0,-95.0,22.54999924,22.60000038,,2.299999952,3.5
507,1993.0,0.0,-95.0,22.72999954,22.84000015,,3.0,2.200000048
508,1993.0,0.0,-95.0,22.85000038,22.84000015,,3.299999952,0.200000003
509,1993.0,0.0,-95.0,23.11000061,23.03000069,,2.900000095,-0.100000001
510,1993.0,0.0,-95.0,23.32999992,23.27000046,,0.600000024,-4.300000191
511,1993.0,0.0,-95.0,23.36000061,23.42000008,,-2.5,0.699999988
512,1993.0,0.0,-95.0,23.43000031,23.38999939,,-4.199999809,3.200000048
513,1993.0,0.0,-95.0,23.28000069,23.35000038,,-2.0,4.099999905
514,1993.0,0.0,-95.0,22.98999977,23.22999954,,-0.800000012,4.0
515,1993.0,0.0,-95.0,23.15999985,23.27000046,,-0.800000012,3.299999952
516,1993.0,0.0,-95.0,23.80999947,23.54000092,,-2.299999952,2.900000095
517,1993.0,0.0,-95.0,23.79999924,23.54000092,,-2.5,3.299999952
518,1993.0,0.0,-95.0,23.72999954,23.70000076,,-2.0,2.5
519,1993.0,0.0,-95.0,23.67000008,23.57999992,,-4.099999905,1.799999952
520,1993.0,0.0,-95.0,23.77000046,23.57999992,,-4.900000095,1.700000048
521,1993.0,0.0,-95.0,23.60000038,23.45999908,,-4.900000095,-0.200000003
522,1993.0,0.0,-95.0,24.20000076,23.70000076,,-5.0,-0.300000012
523,1993.0,0.0,-95.0,24.06999969,23.86000061,,-4.400000095,1.200000048
524,1993.0,0.0,-95.0,24.02000046,23.81999969,,-4.900000095,1.0
525,1993.0,0.0,-95.0,24.64999962,24.20999908,,-5.900000095,0.800000012
526,1993.0,0.0,-95.0,24.42000008,24.01000023,,-5.800000191,1.700000048
527,1993.0,0.0,-95.0,23.92000008,23.89999962,,-3.700000048,1.799999952
528,1993.0,0.0,-95.0,23.55999947,23.65999985,,-2.900000095,3.200000048
529,1993.0,0.0,-95.0,23.65999985,23.73999977,,-1.899999976,3.5
530,1993.0,0.0,-95.0,23.62999916,23.65999985,,-2.400000095,3.099999905
531,1993.0,0.0,-95.0,23.52000046,23.54000092,,-2.900000095,3.099999905
532,1993.0,0.0,-95.0,23.60000038,23.54000092,,-2.599999905,2.599999905
533,1993.0,0.0,-95.0,23.39999962,23.54000092,,-3.0,3.299999952
534,1993.0,0.0,-95.0,23.45999908,23.30999947,,-3.099999905,1.5
535,1993.0,0.0,-95.0,23.54999924,23.38999939,,-2.200000048,-0.800000012
536,1993.0,0.0,-95.0,24.01000023,23.73999977,,-3.299999952,-1.200000048
537,1993.0,0.0,-95.0,23.94000053,23.89999962,,-3.5,-1.100000024
538,1993.0,0.0,-95.0,24.28000069,24.01000023,,-1.799999952,-1.299999952
539,1993.0,0.0,-95.0,24.55999947,24.17000008,,-1.700000048,-1.399999976
540,1993.0,0.0,-95.0,24.73999977,24.04999924,,-1.799999952,-1.600000024
541,1993.0,0.0,-95.0,25.06999969,24.63999939,,-2.700000048,-2.400000095
542,1993.0,0.0,-95.0,25.65999985,24.95999908,,-6.0,-1.799999952
543,1993.0,0.0,-95.0,26.0,24.92000008,,-6.900000095,-0.699999988
544,1993.0,0.0,-95.0,25.79000092,24.60000038,,-6.599999905,-1.399999976
545,1993.0,0.0,-95.0,26.37999916,24.84000015,,-6.199999809,-1.600000024
546,1993.0,0.0,-95.0,25.94000053,24.87999916,,-5.699999809,0.800000012
547,1993.0,0.0,-95.0,25.02000046,24.37000084,,-2.400000095,1.100000024
548,1993.0,0.0,-95.0,24.61000061,24.52000046,,-1.700000048,1.299999952
549,1993.0,0.0,-95.0,24.79000092,24.76000023,,-2.0,2.0
550,1993.0,0.0,-95.0,24.78000069,24.76000023,,-1.799999952,2.299999952
551,1993.0,0.0,-95.0,24.79000092,24.48999977,,-1.399999976,3.400000095
552,1993.0,-2.0,-95.0,22.65999985,22.43000031,85.0,-2.599999905,3.5
553,1993.0,-2.0,-95.0,22.61000061,22.46999931,88.59999847,-2.900000095,4.199999809
554,1993.0,-2.0,-95.0,22.54000092,22.19000053,90.40000153,-3.599999905,4.300000191
555,1993.0,-2.0,-95.0,22.64999962,22.35000038,88.59999847,-5.5,4.300000191
556,1993.0,-2.0,-95.0,22.54000092,22.38999939,85.19999695,-4.5,4.599999905
557,1993.0,-2.0,-95.0,22.47999954,22.51000023,84.80000305,-3.200000048,4.800000191
558,1993.0,-2.0,-95.0,22.45999908,22.54999924,86.30000305,-3.200000048,4.5
559,1993.0,-2.0,-95.0,22.43000031,22.62999916,85.30000305,-3.799999952,4.900000095
560,1993.0,-2.0,-95.0,22.44000053,22.59000015,88.0,-3.700000048,5.0
561,1993.0,-2.0,-95.0,22.53000069,22.51000023,88.0,-3.900000095,4.800000191
562,1993.0,-2.0,-95.0,22.63999939,22.30999947,87.69999695,-3.099999905,4.699999809
563,1993.0,-2.0,-95.0,22.61000061,22.51000023,85.19999695,-2.700000048,5.099999905
564,1993.0,-2.0,-95.0,22.59000015,22.51000023,81.40000153,-2.799999952,5.099999905
565,1993.0,-2.0,-95.0,22.75,22.75,79.80000305,-3.799999952,5.199999809
566,1993.0,-2.0,-95.0,22.62999916,22.82999992,81.59999847,-3.200000048,4.5
567,1993.0,-2.0,-95.0,22.5,22.70999908,84.30000305,-4.900000095,3.400000095
568,1993.0,-2.0,-95.0,22.38999939,22.79000092,87.19999695,-4.5,3.200000048
569,1993.0,-2.0,-95.0,22.34000015,22.51000023,88.69999695,-3.200000048,3.099999905
570,1993.0,-2.0,-95.0,22.30999947,22.75,86.90000153,-3.099999905,4.099999905
571,1993.0,-2.0,-95.0,21.98999977,22.43000031,85.19999695,-3.5,5.199999809
572,1993.0,-2.0,-95.0,21.84000015,22.43000031,82.5,-2.799999952,3.599999905
573,1993.0,-2.0,-95.0,22.04000092,22.22999954,84.09999847,-2.700000048,3.299999952
574,1993.0,-2.0,-95.0,22.20000076,22.19000053,85.80000305,-2.0,2.0
575,1993.0,-2.0,-95.0,22.32999992,22.30999947,86.40000153,-2.700000048,3.5
576,1993.0,-2.0,-95.0,22.30999947,22.35000038,86.5,-2.799999952,4.0
577,1993.0,-2.0,-95.0,22.37000084,22.51000023,87.5,-3.900000095,2.799999952
578,1993.0,-2.0,-95.0,22.43000031,22.70999908,85.69999695,-2.599999905,3.599999905
579,1993.0,-2.0,-95.0,22.62000084,22.86000061,86.59999847,-2.099999905,4.0
580,1993.0,-2.0,-95.0,22.70000076,22.51000023,88.5,-0.899999976,3.099999905
581,1993.0,-2.0,-95.0,22.82999992,22.86000061,88.90000153,-2.799999952,4.099999905
582,1993.0,-2.0,-95.0,22.77000046,23.10000038,90.09999847,-5.099999905,3.200000048
583,1993.0,-2.0,-95.0,22.76000023,23.13999939,90.40000153,-4.5,4.800000191
584,1993.0,-2.0,-95.0,22.69000053,22.89999962,88.59999847,-3.900000095,4.699999809
585,1993.0,-2.0,-95.0,22.70999908,22.89999962,83.59999847,-3.900000095,3.099999905
586,1993.0,-2.0,-95.0,22.80999947,22.51000023,86.59999847,-4.199999809,1.600000024
587,1993.0,-2.0,-95.0,22.82999992,22.86000061,87.90000153,-4.800000191,4.300000191
588,1993.0,-2.0,-95.0,22.76000023,23.02000046,89.59999847,-4.599999905,4.300000191
589,1993.0,-2.0,-95.0,22.68000031,22.82999992,90.59999847,-3.900000095,3.5
590,1993.0,-2.0,-95.0,22.69000053,22.94000053,90.80000305,-3.0,4.0
591,1993.0,-2.0,-95.0,22.80999947,22.94000053,90.09999847,-2.400000095,3.599999905
592,1993.0,-2.0,-95.0,22.88999939,22.82999992,88.09999847,-1.799999952,3.400000095
593,1993.0,-2.0,-95.0,22.79999924,22.94000053,88.80000305,-1.700000048,4.0
594,1993.0,-2.0,-95.0,22.98999977,23.02000046,88.30000305,-1.0,4.900000095
595,1993.0,-2.0,-95.0,23.13999939,23.26000023,84.59999847,-0.300000012,4.900000095
596,1993.0,-2.0,-95.0,23.14999962,23.05999947,80.0,-1.5,5.599999905
597,1993.0,-2.0,-95.0,23.20000076,23.02000046,79.90000153,-1.399999976,4.199999809
598,1993.0,-2.0,-95.0,23.26000023,23.26000023,86.0,-1.600000024,4.300000191
599,1993.0,-2.0,-95.0,23.31999969,23.5,91.09999847,-2.299999952,3.0
600,1993.0,-2.0,-95.0,23.19000053,23.42000008,88.30000305,-3.799999952,3.400000095
601,1993.0,-2.0,-95.0,23.23999977,23.56999969,91.09999847,-2.700000048,2.799999952
602,1993.0,-2.0,-95.0,23.38999939,23.61000061,91.0,-2.299999952,3.200000048
603,1993.0,-2.0,-95.0,23.40999985,23.69000053,89.69999695,-2.700000048,4.800000191
604,1993.0,-2.0,-95.0,23.48999977,23.85000038,86.69999695,-2.599999905,4.300000191
605,1993.0,-2.0,-95.0,23.57999992,23.69000053,86.69999695,-1.5,5.300000191
606,1993.0,-2.0,-95.0,23.69000053,23.80999947,85.5,-0.899999976,5.099999905
607,1993.0,-2.0,-95.0,23.78000069,23.85000038,85.80000305,-1.899999976,3.900000095
608,1993.0,-2.0,-95.0,23.81999969,23.93000031,88.30000305,-2.700000048,3.299999952
609,1993.0,-2.0,-95.0,23.84000015,23.93000031,90.59999847,-2.799999952,2.599999905
610,1993.0,-2.0,-95.0,24.10000038,24.17000008,90.30000305,-2.200000048,2.700000048
611,1993.0,-2.0,-95.0,24.12000084,24.20000076,89.09999847,-3.0,3.700000048
612,1993.0,-2.0,-95.0,24.12000084,24.28000069,88.90000153,-3.5,3.200000048
613,1993.0,-2.0,-95.0,24.15999985,24.28000069,88.40000153,-4.300000191,2.599999905
614,1993.0,-2.0,-95.0,24.07999992,24.09000015,88.5,-2.5,2.400000095
615,1993.0,-2.0,-95.0,24.03000069,24.28000069,89.0,-1.0,2.400000095
616,1993.0,-2.0,-95.0,23.90999985,24.12999916,90.69999695,-1.799999952,3.5
617,1993.0,-2.0,-95.0,23.95999908,24.20000076,90.90000153,-3.200000048,3.0
618,1993.0,-2.0,-95.0,23.95000076,24.20000076,91.0,-3.299999952,3.700000048
619,1993.0,-2.0,-95.0,24.01000023,24.23999977,89.5,-2.5,3.599999905
620,1993.0,-2.0,-95.0,24.04999924,24.39999962,90.0,-3.200000048,3.400000095
621,1993.0,-2.0,-95.0,24.06999969,24.39999962,89.80000305,-3.799999952,4.0
622,1993.0,-2.0,-95.0,24.07999992,24.44000053,88.69999695,-4.199999809,3.099999905
623,1993.0,-2.0,-95.0,24.0,24.39999962,89.0,-3.700000048,3.5
624,1993.0,-2.0,-95.0,23.97999954,24.31999969,88.5,-2.599999905,3.5
625,1993.0,-2.0,-95.0,24.02000046,24.39999962,88.09999847,-1.5,5.400000095
626,1993.0,-2.0,-95.0,24.14999962,24.31999969,83.09999847,-1.899999976,4.099999905
627,1993.0,-2.0,-95.0,24.43000031,24.09000015,81.80000305,-1.299999952,1.600000024
628,1993.0,-2.0,-95.0,24.62000084,24.79999924,84.30000305,-1.100000024,4.099999905
629,1993.0,-2.0,-95.0,24.43000031,24.63999939,88.5,-0.899999976,3.299999952
630,1993.0,-2.0,-95.0,24.76000023,24.55999947,88.40000153,-0.200000003,2.799999952
631,1993.0,-2.0,-95.0,24.93000031,24.39999962,89.19999695,0.600000024,2.400000095
632,1993.0,-2.0,-95.0,24.94000053,24.52000046,89.80000305,-1.5,3.400000095
633,1993.0,-2.0,-95.0,24.85000038,24.44000053,91.80000305,-4.0,1.299999952
634,1993.0,-2.0,-95.0,24.70000076,24.90999985,90.90000153,-4.300000191,1.600000024
635,1993.0,-2.0,-95.0,24.54000092,24.79999924,89.80000305,-4.400000095,1.600000024
636,1993.0,-2.0,-95.0,,,89.90000153,-3.400000095,2.400000095
637,1993.0,-2.0,-95.0,24.59000015,24.95000076,91.0,-3.599999905,2.400000095
638,1993.0,-2.0,-95.0,24.70999908,25.03000069,89.80000305,-3.5,3.200000048
639,1993.0,-2.0,-95.0,25.11000061,25.03000069,91.30000305,-1.299999952,0.899999976
640,1993.0,-2.0,-95.0,25.13999939,25.03000069,89.69999695,-1.899999976,3.099999905
641,1993.0,-2.0,-95.0,25.20999908,24.87000084,90.5,-1.200000048,3.5
642,1993.0,-2.0,-95.0,25.43000031,24.98999977,89.09999847,-0.5,3.799999952
643,1993.0,-2.0,-95.0,25.56999969,24.68000031,87.19999695,1.299999952,2.299999952
644,1993.0,-2.0,-110.0,24.54000092,23.78000069,81.09999847,-4.800000191,2.5
645,1993.0,-2.0,-110.0,24.26000023,23.65999985,82.19999695,-5.0,3.0
646,1993.0,-2.0,-110.0,23.82999992,23.62000084,84.0,-7.0,1.600000024
647,1993.0,-2.0,-110.0,23.62000084,23.54000092,84.80000305,-7.800000191,1.200000048
648,1993.0,-2.0,-110.0,23.44000053,23.26000023,88.40000153,-7.300000191,1.200000048
649,1993.0,-2.0,-110.0,23.32999992,23.54000092,85.09999847,-6.199999809,2.099999905
650,1993.0,-2.0,-110.0,23.19000053,23.37999916,85.0,-6.099999905,2.5
651,1993.0,-2.0,-110.0,23.06999969,22.97999954,87.59999847,-5.300000191,0.800000012
652,1993.0,-2.0,-110.0,23.09000015,23.21999931,89.09999847,-5.0,2.099999905
653,1993.0,-2.0,-110.0,23.19000053,23.26000023,88.19999695,-4.800000191,3.5
654,1993.0,-2.0,-110.0,23.34000015,23.29999924,85.80000305,-4.900000095,2.799999952
655,1993.0,-2.0,-110.0,23.36000061,23.42000008,85.0,-5.400000095,2.200000048
656,1993.0,-2.0,-110.0,23.40999985,23.45999908,83.19999695,-5.599999905,2.599999905
657,1993.0,-2.0,-110.0,23.45999908,23.37999916,83.30000305,-6.099999905,1.299999952
658,1993.0,-2.0,-110.0,23.48999977,23.34000015,81.59999847,-7.199999809,0.899999976
659,1993.0,-2.0,-110.0,23.5,23.29999924,82.5,-6.800000191,1.899999976
660,1993.0,-2.0,-110.0,23.54000092,23.42000008,83.90000153,-6.800000191,2.5
661,1993.0,-2.0,-110.0,23.61000061,23.37999916,83.30000305,-6.099999905,1.600000024
662,1993.0,-2.0,-110.0,23.55999947,23.34000015,83.30000305,-6.099999905,1.5
663,1993.0,-2.0,-110.0,23.48999977,23.37999916,85.40000153,-6.300000191,2.200000048
664,1993.0,-2.0,-110.0,23.45000076,23.42000008,86.09999847,-7.099999905,2.299999952
665,1993.0,-2.0,-110.0,23.40999985,23.37999916,85.30000305,-6.699999809,1.399999976
666,1993.0,-2.0,-110.0,23.26000023,23.29999924,84.90000153,-6.5,1.299999952
667,1993.0,-2.0,-110.0,23.11000061,23.18000031,85.69999695,-5.199999809,1.700000048
668,1993.0,-2.0,-110.0,22.93000031,22.97999954,86.69999695,-5.599999905,2.299999952
669,1993.0,-2.0,-110.0,22.80999947,22.86000061,87.40000153,-4.199999809,1.100000024
670,1993.0,-2.0,-110.0,22.85000038,22.94000053,89.0,-3.099999905,2.400000095
671,1993.0,-2.0,-110.0,22.87999916,23.02000046,88.19999695,-4.699999809,2.700000048
672,1993.0,-2.0,-110.0,22.93000031,23.10000038,87.5,-6.5,1.600000024
673,1993.0,-2.0,-110.0,22.95000076,23.05999947,85.19999695,-6.699999809,1.399999976
674,1993.0,-2.0,-110.0,23.05999947,23.10000038,85.19999695,-4.699999809,0.699999988
675,1993.0,-2.0,-110.0,23.25,23.29999924,83.19999695,-3.400000095,3.0
676,1993.0,-2.0,-110.0,23.15999985,23.37999916,85.80000305,-4.0,4.400000095
677,1993.0,-2.0,-110.0,23.10000038,23.34000015,87.80000305,-5.599999905,2.5
678,1993.0,-2.0,-110.0,23.27000046,23.37999916,86.40000153,-5.0,1.5
679,1993.0,-2.0,-110.0,23.37999916,23.5,85.30000305,-6.0,1.299999952
680,1993.0,-2.0,-110.0,23.56999969,23.81999969,86.30000305,-5.699999809,2.0
681,1993.0,-2.0,-110.0,23.65999985,23.62000084,88.09999847,-5.300000191,3.0
682,1993.0,-2.0,-110.0,23.77000046,23.89999962,89.90000153,-5.199999809,2.900000095
683,1993.0,-2.0,-110.0,23.87000084,23.65999985,87.5,-5.900000095,2.400000095
684,1993.0,-2.0,-110.0,23.92000008,23.89999962,85.80000305,-5.5,2.0
685,1993.0,-2.0,-110.0,23.95999908,23.94000053,83.90000153,-5.099999905,4.300000191
686,1993.0,-2.0,-110.0,24.04000092,23.81999969,82.09999847,-5.599999905,3.200000048
687,1993.0,-2.0,-110.0,23.97999954,23.73999977,84.0,-5.900000095,2.799999952
688,1993.0,-2.0,-110.0,24.01000023,23.78000069,81.30000305,-6.800000191,2.0
689,1993.0,-2.0,-110.0,24.03000069,23.73999977,80.5,-6.900000095,0.200000003
690,1993.0,-2.0,-110.0,23.95000076,23.65999985,82.5,-6.400000095,1.399999976
691,1993.0,-2.0,-110.0,23.89999962,23.62000084,85.0,-6.5,1.899999976
692,1993.0,-2.0,-110.0,23.86000061,23.78000069,88.09999847,-6.099999905,3.0
693,1993.0,-2.0,-110.0,23.88999939,23.86000061,84.80000305,-5.199999809,2.5
694,1993.0,-2.0,-110.0,23.95999908,23.70000076,85.40000153,-4.199999809,1.799999952
695,1993.0,-2.0,-110.0,23.96999931,23.78000069,88.30000305,-5.400000095,1.399999976
696,1993.0,-2.0,-110.0,23.96999931,23.65999985,91.90000153,-5.199999809,1.5
697,1993.0,-2.0,-110.0,23.98999977,23.73999977,91.30000305,-4.5,0.800000012
698,1993.0,-2.0,-110.0,23.88999939,23.89999962,87.0,-4.400000095,3.0
699,1993.0,-2.0,-110.0,23.88999939,23.86000061,86.40000153,-3.900000095,2.900000095
700,1993.0,-2.0,-110.0,23.95000076,23.89999962,85.80000305,-5.800000191,2.5
701,1993.0,-2.0,-110.0,23.97999954,23.94000053,87.69999695,-5.099999905,1.5
702,1993.0,-2.0,-110.0,24.0,23.94000053,87.09999847,-4.400000095,1.399999976
703,1993.0,-2.0,-110.0,24.05999947,23.97999954,88.19999695,-3.400000095,2.299999952
704,1993.0,-2.0,-110.0,24.0,23.97999954,90.40000153,-4.699999809,2.400000095
705,1993.0,-2.0,-110.0,24.02000046,24.10000038,90.0,-6.0,1.100000024
706,1993.0,-2.0,-110.0,24.07999992,24.26000023,89.59999847,-5.400000095,2.400000095
707,1993.0,-2.0,-110.0,24.20999908,24.18000031,84.69999695,-4.400000095,2.299999952
708,1993.0,-2.0,-110.0,24.29999924,24.34000015,81.69999695,-4.599999905,2.299999952
709,1993.0,-2.0,-110.0,24.21999931,24.54000092,82.30000305,-5.0,2.400000095
710,1993.0,-2.0,-110.0,24.22999954,24.42000008,86.59999847,-5.099999905,3.099999905
711,1993.0,-2.0,-110.0,24.21999931,24.37999916,84.90000153,-5.800000191,3.099999905
712,1993.0,-2.0,-110.0,24.43000031,24.34000015,87.59999847,-5.0,0.400000006
713,1993.0,-2.0,-110.0,24.60000038,24.45999908,86.09999847,-5.0,1.100000024
714,1993.0,-2.0,-110.0,24.65999985,24.18000031,88.5,-4.900000095,2.200000048
715,1993.0,-2.0,-110.0,24.76000023,24.5,87.90000153,-5.5,1.700000048
716,1993.0,-2.0,-110.0,24.89999962,24.62000084,87.90000153,-5.0,0.5
717,1993.0,-2.0,-110.0,24.88999939,24.57999992,88.30000305,-5.5,2.799999952
718,1993.0,-2.0,-110.0,24.87000084,24.72999954,87.09999847,-6.5,2.599999905
719,1993.0,-2.0,-110.0,24.96999931,24.96999931,81.69999695,-5.599999905,1.100000024
720,1993.0,-2.0,-110.0,25.03000069,24.62000084,80.80000305,-5.699999809,1.0
721,1993.0,-2.0,-110.0,24.94000053,24.57999992,83.09999847,-4.300000191,2.5
722,1993.0,-2.0,-110.0,24.72999954,24.37999916,85.5,-3.299999952,1.799999952
723,1993.0,-2.0,-110.0,24.54999924,24.42000008,85.5,-5.0,2.5
724,1993.0,-2.0,-110.0,24.54999924,24.34000015,84.90000153,-4.800000191,0.699999988
725,1993.0,-2.0,-110.0,24.62000084,24.42000008,89.0,-4.5,1.200000048
726,1993.0,-2.0,-110.0,24.69000053,24.70000076,88.09999847,-6.0,2.700000048
727,1993.0,-2.0,-110.0,24.77000046,24.70000076,90.59999847,-4.699999809,1.5
728,1993.0,-2.0,-110.0,24.63999939,24.65999985,90.0,-6.300000191,1.700000048
729,1993.0,-2.0,-110.0,24.55999947,24.65999985,88.30000305,-6.300000191,1.0
730,1993.0,-2.0,-110.0,24.69000053,24.65999985,89.19999695,-5.400000095,0.5
731,1993.0,-2.0,-110.0,24.78000069,24.62000084,90.80000305,-4.400000095,1.700000048
732,1993.0,-2.0,-110.0,24.87999916,24.5,91.09999847,-3.0,0.200000003
733,1993.0,-2.0,-110.0,25.12000084,24.88999939,89.69999695,-4.0,1.100000024
734,1993.0,-2.0,-110.0,25.15999985,24.93000031,89.5,-4.300000191,2.5
735,1993.0,-2.0,-110.0,25.13999939,24.77000046,87.90000153,-4.599999905,2.299999952
